"n_subject","power","type_m","n_converged"
8,0.16,1.99868244605003,50
12,0.34,1.63918648496706,50
16,0.48,1.4046113386758,50
24,0.8,1.18920688452807,50
32,0.86,1.1290622799615,50
44,0.96,1.04671310668566,50
56,0.96,1.04844860694041,50
