"n_subject","param","true","mean_ci_width","p_meaningful","p_equivalent","n_converged"
15,"effect",0.05,0.121636100920282,0.14,0,200
30,"effect",0.05,0.0846211003036503,0.29,0,200
60,"effect",0.05,0.0599617524316316,0.525,0,200
100,"effect",0.05,0.047322557927012,0.74,0,200
140,"effect",0.05,0.0406992938235948,0.845,0,200
180,"effect",0.05,0.0367813374873084,0.885,0,200
220,"effect",0.05,0.0336928370332502,0.925,0,200
260,"effect",0.05,0.0316692444702797,0.94,0,200
